Unit - Thousand Barrels per day (kb/d),,,,,,,,,,,,,,,,,,,,,,,,,,,,,,,,,,,,,,,,,,,,,,,,,,,,,,,,,,,,,,,,,,,,,,,,,,,,,,,,,,,,,,,,,,,,,,,,,,,,,,,,,,,,,,,,,,,,,
Product - Crude oil,,,,,,,,,,,,,,,,,,,,,,,,,,,,,,,,,,,,,,,,,,,,,,,,,,,,,,,,,,,,,,,,,,,,,,,,,,,,,,,,,,,,,,,,,,,,,,,,,,,,,,,,,,,,,,,,,,,,,
BALANCE - Imports,,,,,,,,,,,,,,,,,,,,,,,,,,,,,,,,,,,,,,,,,,,,,,,,,,,,,,,,,,,,,,,,,,,,,,,,,,,,,,,,,,,,,,,,,,,,,,,,,,,,,,,,,,,,,,,,,,,,,
,,,,,,,,,,,,,,,,,,,,,,,,,,,,,,,,,,,,,,,,,,,,,,,,,,,,,,,,,,,,,,,,,,,,,,,,,,,,,,,,,,,,,,,,,,,,,,,,,,,,,,,,,,,,,,,,,,,,,
Country,Albania,Algeria,Angola,Argentina,Armenia,Australia,Austria,Azerbaijan,Bahrain,Bangladesh,Barbados,Belarus,Belgium,Belize,Bermuda,Bolivia,Brazil,Brunei Darussalam,Bulgaria,Canada,Chile,China,Chinese Taipei,Colombia,Costa Rica,Croatia,Cuba,Cyprus,Czech Republic,Denmark,Dominican Republic,Ecuador,Egypt (Arab Rep.),El Salvador,Equatorial Guinea,Estonia,Eswatini,Finland,France,Gabon,Gambia,Georgia,Germany,Greece,Grenada,Guatemala,Guyana,Haiti,Honduras,Hong Kong China,Hungary,Iceland,India,Indonesia,Iran (Islamic Rep.),Iraq,Ireland,Italy,Jamaica,Japan,Kazakhstan,Korea,Kuwait,Latvia,Libya,Lithuania,Luxembourg,North Macedonia,Malaysia,Malta,Mauritius,Mexico,Moldova,Morocco,Myanmar,Nepal,Netherlands,New Zealand,Nicaragua,Niger,Nigeria,Norway,Oman,Panama,Papua New Guinea,Paraguay,Peru,Philippines,Poland,Portugal,Qatar,Romania,Russian Federation,Saudi Arabia,Singapore,Slovakia,Slovenia,South Africa,Spain,Sudan,Suriname,Sweden,Switzerland,Syria (Arab Rep.),Tajikistan,Thailand,Trinidad/Tobago,Tunisia,Turkey,Ukraine,United Arab Emirates,United Kingdom,United States of America,Uruguay,Venezuela,Vietnam,Yemen
Time,,,,,,,,,,,,,,,,,,,,,,,,,,,,,,,,,,,,,,,,,,,,,,,,,,,,,,,,,,,,,,,,,,,,,,,,,,,,,,,,,,,,,,,,,,,,,,,,,,,,,,,,,,,,,,,,,,,,,
Jan-02,0,0,0,0,0,382.289,166.6935,0,0,0,0,0,650.6997,0,0,0,317.6129,0,0,855.9194,194.1416,1112.0158,660.2608,0,9.7097,0,0,0,148.0187,70.0677,35.3226,0,16.3935,24.9677,0,0,0,293.849,1576.4665,0,0,0,2187.2968,389.55,0,23.3871,0,0,0,0,120.5903,0,1664.669,0,0,0,58.96,1858.0439,22.6774,4074.8968,61.4613,2403.0955,0,0,0,0,0,0,89.4807,0,0,0,0,0,0,0,910.8703,87.8339,12.2581,0,0,17.3961,0,0,0,2.2258,70.7097,150.0645,351.6035,203.7448,0,0,0,0,813.7737,112.0781,0,107.0377,1209.6697,0,0,365.8848,104.3687,0,0,627.9744,65.2581,0,504.0677,0,0,815.5361,8708.5484,11.9032,0,0,0
Feb-02,0,0,0,10,0,502.2129,165.5357,0,0,0,0,0,598.0229,0,0,0,405.5357,0,0,927.77,194.4718,1179.0429,642.6572,0,10.6429,0,0,0,117.0182,59.92,42.4286,0,19.1871,28.1786,0,0,0,182.6707,1808.2507,0,0,0,2188.7014,393.4875,0,13.1429,0,0,0,0,96.5989,0,1574.2846,0,0,0,64.2243,1581.3486,13.3214,4277.4954,58.9214,2154.1457,0,0,0,0,0,0,175.4443,0,0,0,0,0,0,0,1082.65,108.2018,27.5,0,0,6.42,0,0,0,1.6786,67.5714,166.1429,340.845,222.9425,0,0,0,0,769.8474,109.4264,0,382.6314,1197.9032,0,0,500.8968,99.7582,0,0,731.8224,77.75,0,509.5125,0,0,1230.6357,8753.3571,49.1071,0,0,0
Mar-02,0,0,0,22.4839,0,352.809,170.8065,0,0,0,0,0,604.8155,0,0,0,354.7742,0,0,870.5923,190.7594,1268.1861,702.2559,14,10.0323,0,0,0,105.6939,76.5913,20.3871,0,17.5645,12.5806,0,0,0,196.6126,1405.3677,0,0,0,2116.1161,310.5968,0,23.5806,0,0,0,0,93.6348,0,1718.3987,0,0,0,59.1977,1344.7432,22.4516,4444.3477,62.4032,2442.3229,0,0,0,0,0,0,168.613,0,0,0,0,0,0,0,1092.0026,88.8235,12.6129,0,0,0,0,0,0,2.2581,48.2258,274.2258,316.1358,242.7345,0,0,0,0,857.4137,92.689,0,390.729,1004.609,0,0,393.9384,99.6139,0,0,685.1566,70.2258,0,477.0387,0,0,1058.7619,8799.3871,17.9032,0,0,0
Apr-02,0,0,0,0,0,348.3553,117.75,0,0,0,0,0,686.3927,0,0,0,449.8667,0,0,828.3747,179.876,1583.56,711.6032,16.0667,8.2,0,0,0,94.557,73.6517,38.6667,0,14.036,13.5667,0,0,0,195.305,1550.6853,0,0,0,2174.6853,392.49,0,12.2,0,0,0,0,88.693,0,1498.0753,0,0,0,81.3157,1585.344,23.4,3884.9727,27.4967,2015.2037,0,0,0,0,0,0,127.0533,0,0,0,0,0,0,0,767.03,114.283,25.2333,0,0,10.9853,0,0,0,0.7667,70.4667,280.7333,263.3913,307.8203,0,0,0,0,892.2577,95.5343,0,520.6143,1061.667,0,0,346.1443,92.862,0,0,791.5104,71.1,0,384.16,0,0,1364.4887,9300.8,34.3333,0,0,0
May-02,0,6,0,0,0,379.4361,166.4516,0,0,0,0,0,683.7458,0,0,0,492.5484,0,0,770.211,177.4558,1310.5161,1019.6012,0,0,0,0,0,125.3194,69.3429,37.4194,0,21.5458,26.6129,0,0,0,275.5429,1880.6419,0,0,0,2029.2516,312.7306,0,11.9032,0,0,0,0,88.4329,0,1658.25,0,0,0,72.0358,1472.9497,22.2258,3439.4126,55.1032,2090.2271,0,0,0,0,0,0,128.6297,0,0,0,0,0,0,0,965.8019,76.2052,11.1935,0,0,19.5706,0,0,0,1.5161,66.3548,253.2903,352.3129,204.9335,0,0,0,0,593.2466,115.6248,0,681.8497,1051.171,0,0,253.4329,104.8442,0,0,828.6054,90.1613,0,449.2984,0,0,1209.5619,9323.4194,65.9355,0,0,0
Jun-02,0,6,0,0,0,371.448,184,0,0,0,0,0,706.2917,0,0,0,265.8,0,0,876.9893,180.342,1554.28,799.8608,0,9.2333,0,0,0,128.275,57.4233,13.4333,0,6.292,14.2667,0,0,0,146.9087,1681.9813,0,0,0,2042.788,334.18,0,24.2333,0,0,0,0,88.9373,0,1601.7467,0,0,0,59.4513,1490.1547,24.1,3604.667,38.9333,2257.431,0,0,0,0,0,0,62.6909,0,0,0,0,0,0,0,938.5413,105.079,13.1,0,0,5.7423,0,0,0,2.3333,83.9333,282.6667,340.6007,279.323,0,0,0,0,1017.9655,114.5923,0,409.1557,1144.773,0,0,449.57,111.5327,0,0,699.8541,94.4667,0,504.21,0,0,1456.728,9323.9333,22.2667,0,0,0
Jul-02,0,6,0,0,0,355.8997,173.7097,0,0,0,0,0,689.2139,0,0,0,357.0968,0,0,810.2703,190.0829,1419.1355,797.0037,1.2581,8.8065,0,0,0,99.7826,91.3297,8.5161,0,0,23.2258,0,0,0,261.5161,1702.0832,0,0,0,2128.6632,380.7774,0,11.8065,0,0,0,0,115.8613,0,1657.299,0,0,0,58.009,1752.3923,35.2903,3545.921,65.9355,2025.799,0,0,0,0,0,0,186.062,0,0,0,0,0,0,0,765.2542,75.2155,12.2258,0,0,33.101,0,0,0,3.0323,90.4516,279.7419,323.7023,204.2203,0,0,0,0,728.4012,107.349,0,398.1584,1145.4706,0,0,398.4555,103.18,0,0,701.8121,86,0,441.2371,0,0,1025.1968,9184.129,32.7419,0,0,0
Aug-02,0,4,0,0,0,430.5506,173.7097,0,0,0,0,0,636.1974,0,0,0,263.5161,0,0,912.049,182.6419,1549.0065,890.356,0,18.6129,0,0,0,113.0239,96.6452,12.5161,0,0,15.4839,0,0,0,252.7197,1583.2045,0,0,0,2148.2077,416.3419,0,11.7742,0,0,0,0,115.8613,0,1934.9816,0,0,0,76.7906,1655.5252,22.5161,4040.4242,0.2355,2005.3532,0,0,0,0,0,0,108.7529,0,0,0,0,0,0,0,1070.2194,128.9055,25.6129,0,0,8.4565,0,0,0,2.2581,88.2903,226.129,352.5494,216.5829,0,0,0,0,752.7595,114.4426,0,149.1374,1108.3152,0,0,310.7287,105.5574,0,0,728.5688,106.7742,0,504.3048,0,0,976.5516,9544.3226,23.9677,0,0,0
Sep-02,0,6,0,0,0,300.696,167.5,0,0,0,0,0,713.6617,0,0,0,432.5,0,0,863.7527,176.381,1517.68,827.9663,0,10.3333,0,0,0,141.2247,38.199,0,0,0,25.9,0,0,0,200.2183,1678.0027,0,0,0,2291.3733,456.435,0,0,0,0,0,0,119.7233,0,1794.3493,0,0,0,59.9427,1628.5227,23.0333,3713.2517,58.4,1982.2843,0,0,0,0,0,0,157.2349,0,0,0,0,0,0,0,942.2113,86.4153,13.1333,0,0,0,0,0,0,2.4,122.3,307.5,396.3087,215.204,0,0,0,0,842.9967,119.9677,0,449.2467,1091.799,0,0,239.2793,53.064,0,0,804.2962,63.6667,0,555.17,0,0,992.0127,8796.9667,0,0,0,0
Oct-02,0,6,0,0,0,425.3203,178.5484,0,0,0,0,0,689.2139,0,0,0,404.7742,0,0,925.3245,175.8774,1206.6194,826.7928,11.6452,19.3226,0,0,0,142.1074,49.5306,59.3548,0,0,14.5806,0,0,0,246.3006,1586.3329,0,0,0,2057.7239,339.2855,0,0,0,0,0,0,91.0339,0,1732.4255,0,0,0,80.3568,1697.7858,21.7419,3718.2839,29.2,2183.6597,0,0,0,0,0,0,146.8965,0,0,0,0,0,0,0,866.3568,72.9887,12.9677,0,0,8.2148,0,0,0,2.2258,36.1613,268.5806,412.8445,287.6677,0,0,0,0,841.2355,113.9697,0,263.3294,1180.0394,0,0,311.2042,84.8739,0,0,656.9905,92.9677,0,468.5032,0,0,760.5671,9531.6129,0,0,0,0
Nov-02,0,7,0,0,0,394.0493,173,0,0,0,0,0,720.2947,0,0,0,403.2333,0,0,827.1713,180.808,1788.52,683.0928,0,10.1,0,0,0,119.7233,46.1883,33.3,0,0,24.8667,0,0,0,160.9117,1485.0373,0,0,0,2244.748,515.235,0,0,0,0,0,0,92.8467,0,1437.3957,335,0,0,78.3677,1640.2987,23.3,4165.2783,100.9833,2127.4733,0,0,0,0,0,0,103.3671,0,0,0,0,0,0,0,916.2767,108.147,13,0,0,24.4673,0,0,0,1.4667,70.2667,297.3667,412.679,222.3283,0,0,0,0,937.5912,124.8543,0,560.9897,1263.114,0,0,435.567,101.2147,0,0,752.2639,88,0,476.035,0,0,951.2967,9654.1,0,0,0,0
Dec-02,0,6,0,0,0,465.7365,163.5484,0,0,0,0,0,722.0223,0,0,0,422.2258,0,0,872.4555,177.9068,1225.5097,862.6937,0,0,0,0,19.7806,145.8906,45.6648,35,0,0,1.8387,0,0,0,183.299,1699.1955,0,0,0,2195.2594,384.0968,0,0,0,0,0,0,76.8468,0,1557.4474,336,0,0,57.2958,1685.2026,23.0645,4805.4777,73.9419,2161.7874,0,0,0,0,0,0,195.8086,0,0,0,0,0,0,0,992.3206,89.3184,12.7742,0,0,22.7116,0,0,0,1.7097,71.871,206.871,396.5294,173.0761,0,0,0,0,815.0899,117.7529,0,271.0339,1079.1552,0,0,407.2519,102.7045,0,0,738.579,82.9355,0,447.8758,0,0,984.5781,8741.0645,0,0,0,0
Jan-03,0,18,0.7171,0.2258,0,515.1868,133.3065,0,0,0,0,0,721.309,0,0,0,320.4516,0,73.0635,875.2503,207.4452,1974.0387,799.8454,0,1.0645,0,0,8.2419,130.2848,44.6984,28.6774,0,0,19.129,0,0,0,194.2352,1753.3406,0,0,0,2135.1781,333.8323,0,0,0,0,0,0,146.1271,0,1615.4565,270,18,0,57.2958,1761.1768,0,4583.4268,79.1226,2290.8813,0,0,0,132.1065,0,0,109.5667,0,0,0,0,0,0,0,880.3265,95.9987,24.8065,0,0,38.1748,0,0,0,0,73.9677,302.6129,350.6577,214.4432,0,135.5742,0,0,433.8178,119.6445,0,271.8594,1055.8742,0,0,376.1077,98.4252,0,0,858.2159,106.6774,0,524.9323,0,0,816.9955,8633,32.7742,0,0,0
Feb-03,0,10,1.8525,0,0,311.6457,156.9643,0,0,0,0,0,734.6311,0,0,0,386.1429,0,87.96,835.1993,207.7029,1720.2,980.5384,0,11.1429,0,0,29.9821,123.5629,73.295,42.5714,0,0,31.1429,0,0,0,280.8496,1582.0529,0,0,0,2242.6643,431.025,0,0,0,0,0,0,86.3893,0,1674.0429,345,22,0,63.9611,1439.6686,0,4903.6821,0,2377.3514,0,0,0,146.7821,0,0,163.3097,0,0,0,0,0,0,0,904.3929,120.5286,17.2143,0,0,10.9675,0,0,0,3.1786,100.9643,310,332.2061,341.9154,0,173.9552,0,0,692.3475,108.3793,0,287.8875,1045.3339,0,0,544.0639,98.9686,0,0,711.645,72.9286,0,443.3625,0,0,1035.6729,8474.2143,5.8214,0,0,0
Mar-03,0,6,0.7171,0,0,471.68,159.6774,0,0,0,0,0,815.9303,0,0,0,305.9677,0,117.9894,1025.0071,203.6119,1719.0194,613.9566,25.5806,9.7097,0,0,19.3097,107.1126,65.9603,17.7419,0,0,24.3548,0,0,0,212.0658,1721.8161,0,0,0,2291.0516,483.9145,0,0,0,0,0,0,87.4871,0,1675.3674,528,19,0,78.4548,1970.8181,0,4472.1635,113.2677,2295.3984,0,0,0,132.5774,0,0,116.8708,0,0,0,0,0,0,0,984.9806,95.7513,12.3548,0,0,18.3626,0,0,0,1.5806,86.3871,230.3548,317.5545,243.9232,0,157.1208,0,0,427.518,112.551,0,364.3135,1215.5487,0,0,467.6384,106.0329,0,0,721.1174,112.2903,0,480.8323,0,0,1108.8665,9225.6129,0,0,0,0
Apr-03,0,0,1.235,13,0,468.2407,157.5,0,0,0,0,0,824.9487,0,0,0,418.5333,0,111.416,753.2867,192.225,1925.16,821.2683,0,10.0333,0,0,19.9533,113.1263,72.653,31.5333,0,0,19.8667,0,0,0,203.9033,1597.932,0,0,0,2212.0853,466.235,0,0,0,0,0,0,103.8417,0,1752.3403,176,54,0,78.122,1719.0507,0,4418.5607,46.2333,2225.9857,0,0,0,4.6233,0,0,193.9477,0,0,0,0,0,0,0,1103.4467,82.5803,18.9667,0,0,4.2443,0,0,0,1.6,105.7667,285.8333,344.2657,240.262,0,116.8278,0,0,703.3842,114.1037,0,468.8657,1147.203,0,0,369.237,89.4227,0,0,728.131,89.0667,0,456.68,0,0,800.4967,9927.8333,35.6,0,0,0
May-03,0,10,0,15.8065,0,337.8313,156.2903,0,0,0,0,0,744.6077,0,0,0,197.3548,0,131.4671,816.5587,189.6319,1426.2194,1045.6815,0,9.5161,0,0,31.0839,117.9894,91.3297,36.3226,0,0,18.4194,0,0,0,207.0732,1746.6026,0,0,0,2185.849,328.6161,0,0,0,0,0,0,101.6742,0,2016.0516,228,39,0,59.4355,1548.449,0,3957.9277,77.7097,2031.9803,0,0,0,125.0419,0,0,197.2275,0,0,0,0,0,0,0,887.6665,122.4726,6.0323,0,0,3.8658,0,0,0,2.3226,72.6774,249.5806,320.8648,268.4106,0,37.7671,0,0,353.4283,89.6152,0,225.0819,1173.69,0,0,258.1877,47.3106,0,0,862.4622,78.4194,0,457.1226,0,0,1015.2245,10153.1613,32.5806,0,0,0
Jun-03,0,6,0,13.5,0,426.4773,187.25,0,0,0,0,0,723.734,0,0,0,314.1,0,86.9827,890.948,192.691,1869.04,800.1041,0,0,0,0,10.4633,106.0407,83.888,32.0333,0,0,17.8333,0,0,0,240.0163,1481.8047,0,0,0,1972.476,408.17,0,0,0,0,0,0,102.62,0,1771.2567,339,81,0,59.2057,1587.3067,0,4145.625,60.8333,2257.1853,0,0,0,131.6433,0,0,173.595,0,0,0,0,0,0,0,1134.5193,92.2957,20.8333,0,0,0,0,0,0,0.4667,70.9,275.6,350.6183,250.58,0,63.042,0,0,711.398,111.416,0,369.9177,1230.552,0,0,399.6997,110.0587,0,0,715.553,63.1333,0,459.62,0,0,1074.7013,10038.3667,24.7667,0,0,0
Jul-03,0,11,0,0.1613,0,304.0719,150.9677,0,0,0,0,0,752.691,0,0,0,280.2581,0,102.1471,966.0826,203.161,1612.7613,1008.5365,0,8.4516,0,0,30.8484,129.8119,92.0545,30.9677,0,0,19.1613,0,0,0,190.669,1841.1761,0,0,0,2013.5677,257.25,0,0,0,0,0,0,126.2652,0,1629.2455,0,51,0,75.6019,1746.9316,0,3893.0242,30.6129,2210.2868,0,0,0,151.6516,0,0,157.0467,0,0,0,0,0,0,0,1015.9981,112.5758,18.2903,0,0,9.9061,0,0,0,0,105.5161,273,337.6529,287.43,0,97.3229,0,0,447.7895,113.4968,0,313.6839,1129.2445,0,0,396.5535,95.0968,0,0,888.6475,80.8387,0,517.8194,0,0,1072.3826,10034.2258,33.0968,0,0,0
Aug-03,0,0,0,0,0,324.5177,164.7581,0,0,0,0,0,693.2555,0,0,0,345.9677,0,126.2652,865.2355,195.0435,1603.3161,728.6229,0,9.5161,0,0,20.4871,113.4968,73.6919,27.4516,0,0,12.2258,0,0,0,234.889,1855.8555,0,0,0,2171.3716,430.8048,0,0,0,0,0,0,117.5165,0,1613.079,308,35,0,58.7223,1682.1161,0,3735.8768,115.8581,1621.4,0,0,0,157.7742,0,0,107.3344,0,0,0,0,0,0,0,1126.5716,73.2361,12.5484,0,0,0,0,0,0,0,38.4194,257.9677,336.9435,222.5265,0,82.555,0,0,445.1737,118.2258,0,387.7023,1219.5465,0,0,375.6323,106.0329,0,0,784.9574,87.5484,0,549.3532,0,0,934.4735,10022.7419,67.5161,0,0,0
Sep-03,0,13,0,0.4667,0,378.5723,152.25,0,0,0,0,0,673.618,0,0,0,434.4,0,145.867,792.756,188.264,2388.76,953.4747,0,9.5333,0,0,10.4633,117.28,71.4047,33.3333,0,0,30.8667,0,0,0,199.4813,1712.3187,0,0,0,2174.436,475.055,0,0,0,0,0,0,116.0583,0,1846.185,369,56,0,40.7807,1622.6347,0,3874.1633,0,2016.6777,0,0,0,189.3133,0,0,110.7003,0,0,0,0,0,0,0,971.816,134.7363,14.1667,0,0,14.231,0,0,0,0,99.5667,241.2667,351.5957,252.2997,0,29.0193,0,0,508.4223,112.149,0,767.9843,1078.434,0,0,438.7607,101.4603,0,0,853.5438,102.9667,0,545.125,0,0,971.906,10287.1667,35,0,0,0
Oct-03,0,1,0,0.1613,0,300.0303,166.6935,0,0,0,0,0,703.7161,0,0,0,478.5484,0,109.2406,894.8142,187.8281,1636.3742,931.0835,0,18.5484,0,0,10.3613,168.3535,28.7519,33.871,0,0,21.9032,0,0,0,204.9335,1810.8548,0,0,0,2336.1729,410.1774,0,0,0,0,0,0,103.3294,0,1881.2519,340,82,0,77.5039,1796.5523,0,3641.4932,74.1774,2061.6981,0,0,0,155.4194,0,0,168.8034,0,0,0,0,0,0,0,1008.1845,73.2361,27.2581,0,0,4.349,0,0,0,0,95.6129,179.8387,355.8597,281.011,0,243.7915,0,0,484.5432,114.2061,0,460.8952,1159.11,0,0,438.3961,76.3152,0,0,795.3385,45.1613,0,495.7694,0,0,933.2574,10062.9032,30.5806,0,0,0
Nov-03,0,14,0,15.7333,0,335.8263,161,0,0,0,0,0,690.569,0,0,0,419.3,0,58.1513,951.3553,193.157,1864.16,909.9359,12.4333,18.2333,0,0,21.17,155.1517,109.354,35.1,0,0,15.0667,0,0,0,157.718,1816.51,0,0,0,2237.5173,353.045,0,0,0,0,0,0,91.3807,0,1850.1157,345,39,0,80.5787,1676.1173,0,3850.825,73,2358.8913,0,0,0,163.7633,0,0,144.8699,0,0,0,0,0,0,0,815.7187,107.6357,14.1,0,0,15.729,0,0,0,0,94.2,245.5,375.5403,242.2273,0,121.581,0,0,392.6819,119.9677,0,726.1873,1128.492,0,0,438.2693,81.3157,0,0,545.7189,84.5333,0,493.675,0,0,1247.87,9351,67.8333,0,0,0
Dec-03,0,0,0,0.1613,0,372.7794,181.4516,0,0,0,0,0,703.0029,0,0,0,213.871,0,46.8174,892.951,190.0829,2205.4452,1111.6502,0,0,0,0,20.4871,161.9694,54.6045,19.0323,0,0,13.4839,0,0,0,300.0303,1913.3697,0,0,0,2213.1148,408.7548,0,0,0,0,0,0,85.8319,0,1788.2948,424,105,0,58.4845,1737.4348,0,4803.1003,0,2411.1787,0,0,0,184.6194,0,0,186.2651,0,0,0,0,0,0,0,873.6968,99.71,18.8387,0,0,14.7384,0,0,0,0,71.871,157.6774,393.219,236.5532,0,144.7739,0,0,619.248,114.4426,0,177.2039,1140.2971,0,0,437.9206,86.3003,0,0,830.6153,97.8387,0,394.529,0,0,939.3381,9684.0645,0,0,0,0
Jan-04,0,6,0,12.8387,0,310.2532,171.5323,0,225.8113,0,0,0,704.4294,0,0,0,432.5484,0,81.3394,905.2948,211.2784,2432.129,913.4271,12.0968,1.2903,0,33.5484,20.4871,123.1913,75.1416,31.0323,0,0,17.9032,0,0,0,180.2084,1692.4574,0,0,0,2265.9574,408.2806,0,0,0,0,0,0,103.0929,0,1887.4332,0,120,0,58.7223,1708.7071,32.8065,4420.5735,948.7645,2192.6939,0,0,0,166.9581,0,0,148.1136,0,0,0,0,0,0,0,1247.3265,86.3494,87.2258,0,0,0,0,0,0,1.7419,87.2258,189.5806,358.2242,184.9632,0,101.4385,0,0,550.0602,102.3835,0,120.7958,1146.8816,0,0,362.7942,100.8026,0,0,940.2029,60.0968,0,481.3065,0,0,1035.4123,9347.1613,65.6452,0,0,0
Feb-04,0,7,0,3.7241,0,447.791,165.5172,0,230.0103,0,0,0,723.2766,0,0,0,291.3448,0,88.7183,905.9855,204.1562,2657.9172,1170.9515,0,17.3448,0,43.931,11.0759,128.9069,77.741,48.3103,0,0,26.8276,0,0,0,263.2869,1755.9297,0,0,0,2257.6703,419.7103,0,0,0,0,0,0,133.2038,0,1798.7883,330,120,0,62.0097,1802.9462,0,4532.0417,978.2,2563.7434,0,0,0,155.5655,0,0,156.8172,0,0,0,0,0,0,0,1182.2462,80.9317,91.5862,0,0,2.5828,0,0,0,0.4138,91.5862,183.8276,332.6303,175.3552,0,182.9667,0,0,638.7353,134.4676,0,367.6724,1113.6103,0,0,408.3997,97.0807,0,0,766.709,79.931,0,502.5879,0,0,1057.68,9316.8276,66.7241,0,0,0
Mar-04,0,5,0,0.1613,0,431.7394,150.7258,0,227.23,0,0,0,627.401,0,0,0,422.5806,0,108.5313,914.8439,207.4452,2200.7226,928.2585,0,15.6452,0,30.7097,20.4871,101.9106,84.5645,30.8387,0,0,7.5161,0,0,0,293.849,1899.8935,0,0,0,2044.9355,440.5258,0,0,0,0,0,0,116.5706,0,2014.8629,484,0,0,58.4845,1744.32,22.6129,4241.5539,0,2147.7606,0,0,0,180.1452,0,0,71.4181,0,0,0,0,0,0,0,1134.3852,77.9371,95.0645,0,0,5.3155,0,0,0,2.4516,95.0645,200.5161,269.0819,206.5977,0,110.8803,0,0,757.4135,86.5413,0,662.0381,1127.8335,0,0,401.5461,110.7877,0,0,856.8005,66.1613,0,462.5758,0,0,1223.9123,10088.3548,0,0,0,0
Apr-04,0,7,0,3.0333,0,426.2317,98.75,0,229.1847,0,0,0,708.994,0,0,0,557,0,114.1037,931.38,195.72,2440,990.6894,14.8333,16.2,0,20.5,6.0833,113.3707,108.3553,57.2667,0,0,0,0,0,0,155.7527,1849.5827,0,0,0,2181.4173,443.205,0,0,0,0,0,0,115.5697,0,1969.5097,503,120,0,39.798,1763.2107,23.1333,3788.18,63.7533,2445.8573,0,0,0,93.1967,0,0,116.1533,0,0,0,0,0,0,0,992.6127,140.6167,109.8,0,0,2.996,0,0,0,0.7,109.8,156.0667,361.6133,272.9357,0,98.8158,0,0,519.9717,115.3253,0,591.6977,1266.759,0,0,470.206,105.6367,0,0,834.2836,71.9,0,459.865,0,0,1200.8707,10114.7667,65.6333,0,0,0
May-04,0,8,0,3.6129,0,358.2771,101.371,0,226.5206,0,0,0,699.6745,0,0,0,607.9355,0,158.659,896.2116,193.0142,2271.5613,1093.6727,0,7.2581,0,39.6129,0,121.0632,70.3094,38.0645,0,0,0,0,0,0,191.62,1569.7284,0,0,0,2243.5174,376.2726,0,0,0,0,0,0,113.2603,0,1917.151,0,101,0,39.4652,1661.2232,22.2581,3752.7565,50.8645,2098.7858,0,0,0,137.7581,0,0,183.425,0,0,0,0,0,0,0,1150.249,44.5355,47.1935,0,0,22.7116,0,0,0,1.4194,47.1935,160.9355,327.249,286.479,0,136.7847,0,0,637.4726,127.211,0,1903.0155,1156.7584,0,0,509.0055,103.4177,0,0,827.7844,80.4194,0,499.8,0,0,1171.3755,10452,67.6129,0,0,0
Jun-04,0,5,0,28.6333,0,349.5837,167.75,0,217.2123,0,0,0,655.93,0,0,0,506.4333,0,127.2977,873.62,196.186,2749.88,831.1283,15.2,0,0,51.2,0,132.673,66.9107,31.2667,0,0,0,0,0,0,183.2673,1573.5627,0,0,0,2333.5107,482.405,0,0,0,0,0,0,102.62,0,2080.3053,348,139,0,60.434,1758.304,23.1333,3309.6213,1016.4033,2146.3897,0,0,0,183.4733,0,0,120.978,0,0,0,0,0,0,0,1085.3413,96.8977,117.8667,0,0,4.2443,0,0,0,0.4,117.8667,271.4,375.0517,294.063,0,142.3448,0,0,676.1958,130.7183,0,1030.9927,1233.468,0,0,289.641,107.8477,0,0,880.6056,42.7,0,539,0,0,1123.7113,10532.9667,0,0,0,0
Jul-04,0,4,0,8.0968,0,414.8597,158.7097,0,229.831,0,0,0,755.3061,0,0,0,499.3871,0,109.2406,919.5019,206.7687,2269.2,1062.5374,0,9.3226,0,58.5806,0,128.3932,64.5106,44.1613,0,32.5529,0,0,0,0,276.0184,1838.529,0,0,0,2319.2826,424.6403,0,0,0,0,0,0,92.4526,0,2009.6326,404,110,0,75.6019,1753.3419,0,4089.8745,50.1581,2065.5019,0,0,0,191.6839,0,0,155.0065,0,0,0,0,0,0,0,1087.0303,97.9781,49.6774,0,0,18.6042,0,0,0,0.3871,49.6774,129.3548,375.2487,294.5623,0,167.0468,0,0,557.9696,118.2258,0,770.1765,1143.3542,0,0,458.1287,109.599,0,0,829.8985,97.4194,0,494.5839,0,0,1301.0148,10298.4839,67.5806,0,0,0
Aug-04,0,9,0,34.8065,0,351.1448,167.6613,0,230.5403,0,0,0,720.3581,0,0,0,448.5484,0,119.6445,961.8903,198.6513,2203.0839,1035.8452,0,16.4839,0,39,0,138.5606,88.6719,52.3548,0,0,0,0,0,0,213.2545,1736.2548,0,0,0,2269.3355,327.1935,0,0,0,0,0,0,100.4919,0,1953.2877,357,0,0,58.7223,1871.1019,0,4084.8819,1043.9,2079.291,0,0,0,186.5032,0,0,212.0392,0,0,0,0,0,0,0,1108.8135,65.0713,103.0323,0,0,6.5235,0,0,0,2.2258,103.0323,255.2258,375.9581,237.9797,0,152.521,0,0,644.3681,96.7087,0,4148.3316,1240.4758,0,0,406.5387,97.9497,0,0,904.1048,65.1935,0,510.7065,0,0,1056.5729,10459.9355,64.2258,0,0,0
Sep-04,0,7,0,0,0,373.9047,184.25,0,103.1087,0,0,0,647.5773,0,0,0,374.4333,0,109.217,961.4633,191.759,2525.4,992.1488,0,7.4667,0,39.8,0,162.9703,96.8707,41.4333,0,33.638,0,0,0,0,194.3223,1685.7113,0,0,0,2234.276,351.575,0,0,0,0,0,0,117.28,0,2077.603,0,0,0,59.9427,1844.9067,0,3803.1657,24.3333,2249.5697,0,0,0,196.1267,0,0,211.1328,0,0,0,0,0,0,0,911.3833,93.0627,50.7667,0,0,0,0,0,0,0,50.7667,240.4,362.835,332.387,0,161.6077,0,0,664.2172,121.1893,0,735.286,1196.289,0,0,406.824,90.1597,0,0,817.7052,0,0,435.365,0,0,1194.5873,9697.4333,0,0,0,0
Oct-04,0,7,0,14.6129,0,404.399,174.9194,0,226.5206,0,0,0,676.3758,0,0,0,423.7097,0,109.2406,798.3923,191.2103,2191.2774,1067.2451,0,8.5161,0,39.4839,0,119.6445,73.2087,46.871,0,32.5529,0,0,0,0,236.3155,1774.2768,0,0,0,2369.471,298.5048,0,0,0,0,0,0,106.4032,0,1902.6487,315,0,0,76.0774,1566.0181,22.5161,4130.0529,47.0968,2241.431,0,0,0,172.1387,0,0,199.2471,0,0,0,0,0,0,0,837.2335,133.1116,76.2581,0,0,21.5035,0,0,0,1.0968,76.2581,200.9355,354.2045,314.0571,0,102.8911,0,0,670.3764,102.62,0,495.8406,1152.0552,0,0,442.9132,95.81,0,0,851.6076,20.1935,0,419.8984,0,0,1086.0032,10362,32.2258,0,0,0
Nov-04,0,8,0,0.4667,0,451.2897,169.5,0,229.9177,0,0,0,666.985,0,0,0,364.1,0,128.7637,883.2467,196.419,2713.28,929.0354,0,17.6333,0,40.1333,0,137.3153,68.908,51.1667,0,33.396,0,0,0,0,227.4873,1815.764,0,0,0,2299.1027,364.56,0,0,0,0,0,0,101.887,0,1671.2703,320,0,0,78.6133,1776.4587,0,4324.4703,103.1733,2909.676,0,0,0,184.2033,0,0,145.7078,0,0,0,0,0,0,0,993.5913,68.7743,76.2,0,0,5.992,0,0,0,0.7,76.2,252.2,360.3917,279.323,0,180.6203,0,0,627.2721,140.2473,0,446.119,1107.351,0,0,470.206,100.7233,0,0,1001.7742,46.2,0,488.04,0,0,1240.0787,10238.4667,65.5667,0,0,0
Dec-04,0,8,0,11.129,0,468.5894,149.2742,0,230.5403,0,0,0,726.5394,0,0,0,421.4839,0,112.0781,810.0374,193.4652,2857.1613,1040.0827,0,8.3548,0,39.0645,0,143.999,43.4903,31.8387,0,32.3187,0,0,0,0,204.4581,1645.5316,0,0,0,2191.1574,555.5177,0,0,0,0,0,0,116.0977,0,1648.5026,0,0,0,31.3819,1711.0813,0,3965.2977,64.9935,2187.2258,0,0,0,242.0774,0,0,174.5013,0,0,0,0,0,0,0,804.3219,126.6787,90.3548,0,0,35.0339,0,0,0,1.7419,90.3548,158.0968,370.5197,234.4135,0,263.6434,0,0,634.8776,145.4177,0,6491.0548,1255.7613,0,0,384.191,106.7461,0,0,923.2155,87.0645,0,471.5855,0,0,1117.1361,10100.6452,32.8387,0,0,0
Jan-05,0,8,0,8.7097,0,319.5252,152.1774,0,0,0,0,0,662.349,0,0,0,387.2903,0,107.5855,909.9529,207.4452,1846.529,864.3414,0,8.0323,100.2626,57.7419,0,150.6197,47.1145,60.3548,0,32.3187,22.6774,0,0,0,191.3823,1705.9335,0,0,0,2316.8697,330.75,0,0,0,0,0,0,136.4326,0,2048.3845,410,0,0,78.9303,1772.8103,0,4577.721,58.871,2489.1581,0,0,0,153.771,0,0,201.8746,0,0,0,0,0,0,0,1113.7858,47.0097,0,0,0,22.9532,0,89.9677,0,0.7097,94.5161,278.0323,372.1748,252.7197,0,143.5634,0,0,581.6746,71.8813,0,393.7558,1242.8274,0,0,368.2623,109.1235,0,0,843.5899,97.8065,0,408.7548,0,0,1094.5161,9996.8065,32.2258,0,0,0
Feb-05,0,4,0,3.7857,0,426.9336,155.8929,0,0,0,0,0,673.3021,0,0,0,483.4286,0,54.1896,1069.8493,207.7029,2705.7857,1175.3382,0,0,52.7208,43.1429,0,137.9611,50.825,27.1071,0,35.2629,12.4643,0,0,0,236.6296,1892.4421,0,0,0,2326.0129,430.5,0,0,0,0,0,0,142.6732,0,1827.2336,330,0,0,42.1143,1709.36,0,4127.2,90.9893,2376.825,0,0,0,159.2964,0,0,199.4807,0,0,0,0,0,0,0,1126.4279,113.1325,0,0,0,12.5725,0,76.2857,0,0.8571,88.8214,210.8929,366.7618,247.1582,0,160.2854,0,0,555.0816,141.6261,0,406.0889,1205.9743,0,0,380.3446,105.2857,0,0,795.0276,119.2857,0,390.8625,0,0,1004.705,10218.7143,35.6429,0,0,0
Mar-05,0,0,0,3.2581,0,498.5448,153.1452,0,0,0,0,0,713.2258,0,0,0,318.4839,0,105.4574,832.1632,203.6119,2708.4,1053.5016,16.7419,0,78.2479,47.9032,0,147.0729,73.9335,51.7742,0,32.3187,26.1613,0,0,0,185.201,1755.0252,0,0,0,2359.0955,319.3694,0,0,0,0,0,0,132.1765,0,2017.2403,365,0,0,75.3642,1565.5432,0,4305.2687,71.8226,2473.4671,0,0,0,188.1516,0,0,180.1761,0,0,0,0,0,0,0,969.8271,98.4729,0,0,29,0,0,123.5806,0,0,76.871,146.1935,344.51,288.6187,0,194.8879,0,0,991.7562,86.5413,0,403.3865,1042.47,0,0,369.451,78.6926,0,0,864.1135,75.2581,0,454.5145,0,0,1031.0342,10241.8387,64.1935,0,0,0
Apr-05,0,8,0,9.0667,0,394.7863,148.75,0,0,0,0,0,727.1733,0,0,0,210.6333,0,106.5293,784.5733,191.992,2989,1108.6575,13.3333,9.9,99.1539,30.5,0,145.867,69.4073,51.3667,0,33.154,12.7333,0,0,0,232.892,1774.9827,0,0,0,2258.4613,308.7,0,0,0,0,0,0,88.4487,0,1911.2867,429,0,0,68.7867,1698.9333,0,3781.547,0,2146.144,0,0,0,198.8033,0,0,128.9376,0,0,0,0,0,0,0,1039.0993,100.7327,0,0,0,0,0,91.9667,0,1.1333,90.1333,216.0667,314.457,242.9643,0,119.5797,0,0,643.2426,108.7283,0,391.8113,1158.381,0,0,517.8653,88.1943,0,0,805.759,112.8333,0,506.905,0,0,1132.508,10224.4667,33.3333,0,0,0
May-05,0,5,0,6.0645,0,359.4658,168.3871,0,0,0,0,0,576.9997,0,0,0,455.4839,0,138.5606,866.8658,189.6319,2458.1032,1027.7001,0,16.5161,60.5405,48.2903,0,128.6297,46.3897,23.1613,0,65.8084,12.2903,0,0,0,204.9335,1793.0471,0,0,0,2287.4323,291.1548,0,0,0,0,0,0,117.0435,0,1905.0261,411,0,0,73.9377,1827.6542,0,3841.4342,121.0387,2475.8445,0,0,0,161.7774,0,0,183.2133,0,0,0,0,0,0,0,1201.3923,102.9265,16.0645,0,0,0,0,94,0,0,82.8387,206.871,298.6384,247.9648,0,136.7847,0,0,677.6565,108.7677,0,715.4194,1194.6194,0,0,433.879,81.7832,0,0,918.2609,86.6774,0,543.4258,0,0,1201.049,10432.2581,33.0968,0,0,0
Jun-05,0,6,0,7.1667,0,417.6333,179.5,0,0,0,0,0,449.0787,0,0,0,216.6,0,152.7083,838.0013,192.458,2745,911.6451,0,16.4,93.9613,59.6,0,145.3783,78.8947,41.3333,0,33.638,20.8667,0,0,0,242.473,1323.404,0,0,0,2160.972,340.305,0,0,0,0,0,0,119.479,0,1864.3643,524,0,0,59.697,1790.1973,5.9333,4001.6643,187.3667,2001.4463,0,0,0,145.7567,0,0,160.5927,0,0,0,0,0,0,0,1092.4367,114.5387,17.6333,0,0,22.9693,0,58.8,0,1.9333,112.4667,274.4,336.6913,287.6757,0,209.1393,0,0,731.8931,94.8013,0,350.2987,1121.445,0,0,378.5723,59.697,0,0,852.452,113.6333,0,468.195,0,0,1119.1873,10765.1,33.8667,0,0,0
Jul-05,0,8,0,3.0645,0,429.3619,158.4677,0,0,0,0,0,555.1274,0,0,0,263.7742,0,114.2061,952.5742,202.9355,2613.9484,956.5088,0,7.0968,43.0723,48.9355,0,172.8461,76.3497,50.9032,0,66.0426,12.2581,0,0,0,136.9394,1806.7639,0,0,0,2209.4955,460.679,0,0,0,0,0,0,124.3735,0,1820.39,573,0,0,76.5529,1915.7368,11.2258,4217.0665,44.9774,2378.1326,0,0,0,173.7871,0,0,160.8917,0,0,0,0,0,0,0,967.4594,74.2258,12.2581,0,0,21.5035,0,0,0,0,121.3548,183.3226,362.9532,282.1997,0,218.3713,0,0,639.2881,89.3787,0,337.6229,1248.2361,0,0,407.7274,108.4103,0,0,884.4012,79.9032,0,545.3226,0,0,1092.5703,10377.3226,31.4839,0,0,0
Aug-05,0,8,0,0,0,324.0423,138.1452,0,0,0,0,0,691.1158,0,0,0,431.9355,0,150.6197,859.18,195.0435,2068.4903,979.3445,0,18.0645,100.0234,48.5484,0,168.8265,48.3226,51.8387,0,32.0845,25.129,0,0,0,142.4074,1754.3032,0,0,0,2354.7523,414.6823,0,0,0,0,0,0,130.7577,0,2009.1571,399,0,0,58.009,1779.4581,21.9032,4100.5729,7.3,2206.4829,0,0,0,166.2516,0,0,133.1041,0,0,0,0,0,0,0,1049.62,114.8026,12.871,0,29,0,0,95.0323,0,1.0968,83.3548,212.5484,350.8942,246.5384,0,206.5085,0,0,796.176,101.9106,0,486.7603,1171.5735,0,0,369.2132,103.8932,0,0,861.2827,98.2581,0,465.1839,0,0,1149.2419,10404.0645,31.4839,0,0,0
Sep-05,0,8,0,2.5,0,316.4187,169.75,0,0,0,0,0,725.6993,0,0,0,244.7,0,155.1517,892.6327,188.264,2647.4,1074.1184,16.3,9.5667,72.4491,39.7333,0,174.9427,25.466,23.5333,0,67.518,7.7333,0,0,0,139.7843,1659.6013,0,0,0,2369.1653,403.76,0,0,0,0,0,0,135.3607,0,2069.9873,200,0,0,60.434,1934.6987,11.6,3925.262,125.56,2107.083,0,0,0,221.4333,0,0,218.0408,0,0,0,0,0,0,0,951.0193,103.8007,16.7333,0,0,17.976,0,101,0,1.5,83.6667,213.6333,379.2053,291.115,0,211.1407,0,0,732.7768,123.877,0,625.249,1193.373,0,0,367.5173,114.235,0,0,823.1813,95.1667,0,445.41,0,0,1116.4227,9155,34.7,0,0,0
Oct-05,0,7,0,2.7742,0,429.8374,166.9355,0,0,0,0,0,693.2555,0,0,0,291.2258,0,167.4077,895.28,187.6026,2656.4516,1119.7364,0,18.5161,83.0337,39.4194,0,171.191,55.571,30.8065,0,47.5413,25.7742,0,0,0,171.8874,1800.9884,0,0,0,2360.5432,402.3532,0,0,0,0,0,0,128.3932,0,1846.5416,302,0,0,57.7713,1840.7123,28.1613,4166.1897,93.7226,2497.7168,0,0,0,186.5032,0,0,197.0179,0,0,0,0,0,0,0,1100.2897,83.8752,12.8065,0,29,40.3494,0,105.5484,0,0.2903,95.6129,243.0323,401.9677,270.5503,0,141.3845,0,0,609.1049,105.9303,0,410.8158,1272.6929,0,0,370.6397,101.5158,0,0,799.4587,95.4839,0,537.0242,0,0,1091.111,9443.5806,62.1613,0,0,0
Nov-05,0,8,0,2.7667,0,325.754,162.5,0,0,0,0,0,627.924,0,0,0,356.6667,0,130.7183,1050.7507,192.924,2520.52,1079.3742,17.2,6.6667,74.18,30.4,0,160.7713,40.1963,42.2333,0,49.126,8.1667,0,0,0,187.198,1614.344,0,0,0,2244.9973,430.955,0,0,0,0,0,0,154.1743,0,1893.8443,0,0,0,80.0873,2081.1627,11.3,4107.301,1073.83,2379.2817,0,0,0,201.9667,0,0,225.5792,0,0,0,0,0,0,0,941.4773,97.9203,17.1667,0,0,25.7157,0,70.9333,0,0.9,92.8,224.5,392.6437,278.3403,0,169.8632,0,0,910.3185,147.333,0,446.6877,1223.019,0,0,435.567,98.2667,0,0,624.774,76.6667,0,450.065,0,0,958.5853,10261.7333,33.8333,0,0,0
Dec-05,0,8,0,2.0968,0,349.0052,177.5806,0,0,0,0,0,650.6997,0,0,0,395.4194,0,101.2013,824.9432,189.8574,2661.1742,1201.8865,11.871,16.8387,85.1874,38.7419,0,158.659,56.2958,51.2581,0,46.8387,13.5484,0,0,0,242.7345,1787.031,0,0,0,2368.7471,389.7871,0,0,0,0,0,0,145.8906,0,2100.2123,155,0,0,58.009,1738.3845,17.0323,4416.2942,0,2422.3526,0,0,0,180.3806,0,0,207.3681,0,0,0,0,0,0,0,1070.9297,83.8752,9.6774,0,0,30.6848,0,96.3226,0,0,93.0968,128.3871,395.82,229.6587,0,216.9187,47.4774,0,639.5483,151.329,0,527.7594,1196.0303,0,0,470.729,106.7461,0,0,850.7834,89.6129,0,427.9597,0,0,946.1484,9996.3226,29.9355,0,0,0
Jan-06,0,6,0,5.6129,0,389.4213,165.2419,0,0,0,0,0,702.7652,0,0,0,213.7742,0,147.3094,724.0961,271.4826,3123.9871,873.5215,0,8.3548,134.2419,38.7419,0,159.1319,55.571,27.129,0,46.8387,20.4839,0,0,0,191.3823,1719.891,0,0,0,2294.9123,500.7484,0,0,0,0,0,0,133.1223,0,2144.67,234,0,0,77.0284,1655.5252,10.3548,4339.2658,184.8548,2555.4881,0,0,0,150.9452,0,0,155.0065,0,0,0,0,0,0,0,1016.4716,122.72,12.871,0,0,3.8658,0,0,0,0,83.0323,256.9032,390.1452,259.3765,0,145.9844,47.4774,0,741.5811,132.6494,0,484.0087,1226.6013,0,0,376.1077,111.0255,0,0,826.0101,79.4839,0,335.9661,0,0,951.0129,9713.3226,32.3226,0,0,0
Feb-06,0,8,0,5.1429,0,437.1989,141.1607,0,0,0,0,0,644.0854,0,0,0,334.0357,0,134.0343,808.1243,208.9511,2920.1571,910.0289,17.75,9.9643,76.2994,42.0357,0,143.9821,57.245,53.6429,0,51.8571,22.1429,0,0,0,205.0439,1548.2164,0,0,0,2137.41,379.575,0,0,0,0,0,0,138.7464,0,2373.9296,167,0,0,63.6979,1854.72,23.6786,4449.6375,3.3893,2447.6296,0,0,0,203.6179,0,0,226.892,0,0,0,0,0,0,0,994.8321,104.6407,17.8214,0,0,7.2225,0,0,0,0,120,215.1429,431.4229,283.745,0,254.902,52.5643,0,820.135,138.7464,0,587.9607,1184.3646,0,0,455.8871,113.7086,0,0,732.8063,88,0,353.0625,0,0,1014.13,9896.5714,69.7857,0,0,0
Mar-06,0,7,0,3.9677,0,432.9281,142.9839,0,0,0,0,0,685.6477,0,0,0,430.5161,0,174.5013,729.6858,197.5239,3005.9226,1079.6332,0,18.6129,95.2375,38.7097,0,114.9155,50.4971,37.4839,0,47.0729,26.4194,0,0,0,252.2442,1580.7981,0,0,0,2069.7884,358.9645,0,0,0,0,0,0,164.5703,0,2155.6061,130,0,0,77.9794,1732.449,20.0323,5072.6997,69.2323,2177.9539,0,0,0,199.4548,0,0,228.0513,0,0,0,0,0,0,0,1024.7587,107.1326,16.0968,0,0,0,0,0,0,0,121.0968,194.7419,328.4313,261.9916,0,192.2248,23.7387,0,685.8338,122.4819,0,523.6319,1242.5923,0,0,400.5952,114.8294,0,0,905.7563,99.5484,0,445.0306,0,0,1145.5935,9828.0645,30.6452,0,0,0
Apr-06,0,8,0,0.0667,0,356.2167,118.25,0,0,0,0,0,670.9157,0,0,0,337.5333,0,161.5043,884.9313,172.187,2935.32,1053.5879,12.3333,8.9667,24.9739,28.1,0,135.605,68.159,46.7333,0,48.642,3.3667,0,0,0,190.883,1487.0267,0,0,0,2257.7133,310.905,0,0,0,0,0,0,122.8997,0,2002.1833,286,0,0,58.223,1626.3147,22.2333,3947.372,83.4633,2466.9847,0,0,0,192.9633,0,0,230.6192,0,0,0,0,0,0,0,727.1493,70.3083,9.3333,0,0,0,0,0,0,0,90.6667,209.1333,354.2833,321.5777,0,185.6237,24.53,0,546.1911,120.7007,0,445.8347,1252.908,0,0,350.812,117.183,0,0,812.2305,108.5,0,526.75,0,0,1077.9687,9831.7667,67.2667,0,0,0
May-06,0,7,0,0,0,391.561,170.8065,0,0,0,0,0,729.1545,0,0,0,384.2903,0,72.3542,648.6355,251.64,2925.6387,1265.441,16.8387,28.0323,34.6971,45.4516,0,180.8855,56.0542,38,0,44.9652,4,0,0,0,259.3765,1514.8613,0,0,0,2337.1381,472.2968,0,0,0,0,0,0,116.0977,0,2151.5645,275,0,0,63.9526,1406.2348,22.8387,3917.7494,814.7742,2541.699,0,0,0,187.2097,0,0,246.9228,0,0,0,0,0,0,0,873.9335,100.2048,12.3871,0,0,0,0,0,0,0,97.6774,209.4194,416.3913,237.5042,0,160.2681,23.7387,0,750.5172,108.0584,0,422.6477,1197.2061,0,0,502.3487,101.5158,0,0,889.1193,93.4194,0,448.35,0,0,1235.3439,10247.4839,0,0,0,0
Jun-06,0,5,0,0,0,392.3297,180.25,0,0,0,0,0,719.5577,0,0,0,327.2,0,149.2877,958.5753,193.856,2876.76,962.6062,0,28.9667,91.7359,40.5,0,156.3733,68.6583,49.4,0,47.916,29.6,0,0,0,243.947,1579.5307,0,0,0,2376.1467,406.21,0,0,0,0,0,0,140.4917,0,2359.6283,383,0,0,58.96,1694.272,35.3667,3290.9507,41.1233,2232.373,0,0,0,201.48,0,0,153.6857,0,0,0,0,0,0,0,999.4633,76.9557,17.9333,0,0,3.745,0,0,0,0,127.9,277.6333,385.0693,274.164,0,188.6257,24.53,0,783.8893,111.6603,0,409.44,1223.748,0,0,342.705,95.81,0,0,820.387,97.1,0,624.75,0,0,997.542,10680.9667,31.5667,0,0,0
Jul-06,0,8,0,0,0,325.9442,117.0968,0,0,0,0,0,652.1261,0,0,0,280.5484,0,142.1074,932.3116,201.3571,2512.4129,945.6795,0,0,38.0472,28.6129,0,174.2648,43.2487,39.7742,0,44.2626,13.1613,0,0,0,156.6719,1794.9723,0,0,0,2317.3523,425.8258,0,0,0,0,0,0,137.8513,0,2258.5484,328,0,0,77.9794,1804.3871,33.129,3996.9174,112.7968,2283.9868,0,0,0,140.8194,0,0,226.2225,0,0,0,0,0,0,0,896.6639,93.7719,10.5806,0,0,3.6242,0,0,0,0,91.1613,216.6452,428.9232,245.3497,0,173.5834,47.4774,0,746.1,120.5903,0,388.2526,1312.2,0,0,402.4971,112.9274,0,0,838.6294,102.2903,0,523.9839,0,0,1202.5084,10153.129,60.5806,0,0,0
Aug-06,0,8,0,0.4516,0,398.931,171.2903,0,0,0,0,0,660.9226,0,0,0,350.4516,0,155.3487,933.9419,182.8674,2791.0452,1011.597,15.2581,16.9032,108.3985,58.1613,0,172.8461,68.8597,42.129,0,48.9465,17.871,0,0,0,204.4581,1870.5348,0,0,0,2319.7652,376.2726,0,0,0,0,0,0,146.3635,0,2151.3268,295,0,0,58.7223,1715.3548,22.5806,3952.2219,75.3548,2535.7555,0,0,0,199.2194,0,0,229.0591,0,0,0,0,0,0,0,968.88,92.04,0,0,0,0,0,0,0,0,62.3226,212.3871,385.1797,279.3468,0,194.1616,47.4774,0,876.6735,113.7332,0,240.7661,1093.9703,0,0,306.4494,110.3123,0,0,894.3091,62.9677,0,481.0694,0,0,1153.8632,10536.7742,61.3871,0,0,0
Sep-06,0,0,0,0.6,0,382.2573,154,0,0,0,0,0,641.927,0,0,0,288.8667,0,147.5773,853.8853,241.621,3284.24,1019.6341,16.7,26.4,72.6964,50.4667,0,166.8797,20.972,46.4333,0,52.514,16.5333,0,0,0,222.3283,1528.3053,0,0,0,2180.9187,423.36,0,0,0,0,0,0,151.9753,0,2167.7627,297,0,0,60.6797,1882.1973,35.0333,3930.9123,71.0533,2396.724,0,0,0,157.9233,0,0,233.7739,0,0,0,0,0,0,0,1045.95,110.448,20.8333,0,0,0,0,0,0,0,124.4333,190.7667,438.5783,268.0223,0,149.5997,49.06,0,632.5176,113.8593,0,347.7397,1240.272,0,0,427.7057,115.4633,0,0,825.3939,49.5,0,516.215,0,0,997.542,10703.4333,0,0,0,0
Oct-06,0,8,0,2.871,0,333.0765,167.9032,0,0,0,0,0,604.34,0,0,0,366.3548,0,146.3635,724.329,188.0535,2554.9161,826.4441,0,12.3548,98.8269,47.6452,0,148.7281,82.1484,47.9677,0,47.0729,12.2258,0,0,0,192.3332,1791.3626,0,0,0,2100.191,369.3968,0,0,0,0,0,0,125.0829,0,2359.351,328,0,0,37.801,1875.1381,21.5484,3748.0016,249.3774,2250.9406,0,0,0,146.2355,0,0,191.5258,0,0,0,0,0,0,0,1016.4716,86.8442,12.1935,0,0,21.2619,0,0,0,0,115.9355,274.1613,382.8152,291.4716,0,173.5834,94.9548,0,691.4474,99.0732,0,498.5923,1145.4706,0,0,446.9548,104.6065,0,0,859.8673,103,0,491.0274,0,0,935.9329,10131.6452,92.7097,0,0,0
Nov-06,0,8,0,0,0,349.5837,191.25,0,0,0,0,0,382.2573,0,0,0,483.8667,0,140.2473,907.3133,234.398,3303.76,1160.7095,0,18.8667,58.1077,41,0,155.1517,26.4647,31.5,0,46.464,19.4333,0,0,0,203.6577,1810.0447,0,0,0,2312.5667,398.37,0,0,0,0,0,0,142.4463,0,2265.2923,395,0,0,78.859,1898.3893,0,4020.335,67.16,2631.09,0,0,0,73,0,0,237.1327,0,0,0,0,0,0,0,1029.068,101.244,17.1,0,0,4.2443,0,0,0,0,67.1667,181.5333,398.752,254.0193,0,171.8645,24.53,0,747.2751,81.1187,0,362.525,1126.062,0,0,343.442,112.761,0,0,685.5656,78.9,0,574.28,0,0,983.97,9836.6333,0,0,0,0
Dec-06,0,6,0,0,0,474.5329,176.6129,0,0,0,0,0,547.9952,0,0,0,178.2903,0,134.541,795.1316,181.9655,2729.6516,882.5806,16.8387,10.7097,74.18,37.9677,0,161.4965,67.6516,47.1935,0,42.1548,13.7419,0,0,0,197.0881,1820.7213,0,0,0,2254.3755,367.5,0,0,0,0,0,0,146.8365,0,2172.0103,357,0,0,57.2958,1889.8581,0,4089.1613,223.7097,2429.4848,0,0,0,117.7419,0,0,131.2698,0,0,0,0,0,0,0,923.4194,93.0297,20.6129,0,0,31.8929,0,0,0,0,115.1935,129.0323,437.6719,263.8935,0,157.1208,71.2161,0,761.6941,114.2061,0,410.8158,1245.179,0,0,334.5029,112.6897,0,0,663.4506,84.1613,0,491.2645,0,0,1047.0871,9584,0,0,0,0
Jan-07,0,6,0,1,0,415.3352,147.5806,0,0,0,0,0,635.4842,0,0,0,452,0,125.5558,967.0142,217.5919,3232.6065,1028.9235,0,8.6129,147.1635,0,0,146.6,50.4971,44.2903,0,28.8058,28.9677,0,0,0,244.6365,1579.8355,0,0,0,2183.6774,386.4677,0,0,0,0,0,0,140.2158,0,2223.1248,272,0,0,76.5529,1739.809,31.2581,4230.38,190.5065,2399.7671,0,0,0,70.6452,0,0,216.7079,0,0,0,0,0,0,0,857.1226,109.8542,11.6129,0,0,31.4097,0,67.871,19.7742,0,128.7097,156.4516,397.0023,234.889,0,169.2256,71.2161,0,655.9592,96.2358,0,412.7419,1069.0432,0,0,488.5597,108.8858,0,0,711.72,106.871,0,405.1984,0,0,985.0645,10192.4839,29.1935,0,0,0
Feb-07,0,4,0,0.6429,0,403.7707,158.0357,0,0,0,0,0,670.4068,0,0,0,354.8571,0,100.0021,739.7921,226.4261,3163.2857,956.5593,16.0714,21.7857,85.8369,0,0,152.3593,80.785,33.9286,0,47.7086,13.1429,0,0,0,237.6825,1749.1036,0,0,0,2332.6914,433.3875,0,0,0,0,0,0,136.9139,0,2392.0914,292,0,0,69.4886,1865.2343,37.2143,4298.0261,121.7536,2344.1864,0,0,0,78.7357,0,0,234.7577,0,0,0,0,0,0,0,1101.5243,56.9771,19.6429,0,0,0,0,95.3929,23.2143,0,123.6786,188.8214,396.6054,250.3168,0,168.3264,52.5643,0,792.275,108.1175,0,372.5782,1296.0579,0,0,421.1429,106.6018,0,0,971.9784,102.6786,0,517.65,0,0,854.9821,9049,65.2143,0,0,0
Mar-07,0,6,0,2.7419,0,439.3471,171.0484,0,0,0,0,0,583.4187,0,0,0,327.4839,0,115.3884,920.6665,217.5919,3272.7484,851.5138,16.129,17.2581,89.2553,0,0,158.1861,33.101,30.9677,0,46.1361,18.4194,0,0,0,200.8919,1202.0226,0,0,0,2201.7742,325.2968,0,0,0,0,0,0,138.7971,0,2293.021,324,0,0,69.8961,1840,22.6129,3908.0019,175.2,2770.8823,0,0,0,73.471,0,0,232.5271,0,0,0,0,0,0,0,872.7497,86.1019,12.9032,0,0,4.1074,0,0,19.6129,0,76.3871,237.3548,399.3668,265.5577,0,177.699,47.4774,0,793.928,103.3294,0,498.5923,1051.8765,0,0,405.5877,103.4177,0,0,746.8696,93.4194,0,440.7629,0,0,992.8477,10348.1613,0,0,0,0
Apr-07,0,7,0,0.7,0,394.0493,71,0,0,0,0,0,512.952,0,0,0,374.6667,0,175.6757,744.8633,213.428,3616.08,953.4747,15.8667,17.6667,56.6241,0,0,165.9023,51.9307,13.3667,0,48.4,16.2333,0,0,0,161.8943,1937.8593,0,0,0,2169.948,460.6,0,0,0,0,0,0,110.1943,0,2700.1223,262,0,0,60.9253,1873.12,34.3,3940.9847,30.4167,2165.306,0,0,0,97.3333,0,0,192.6738,0,0,0,0,0,0,0,1031.7593,100.7327,8.6667,0,0,48.4353,0,155.9333,0,0,139.9667,211.3667,443.465,194.8137,0,80.5537,73.59,0,713.0214,124.61,0,402.616,1222.047,0,0,365.552,94.336,0,0,884.1417,96.4,0,490.49,0,0,893.2387,10181.0333,30.6667,0,0,0
May-07,0,9,0,0.4194,0,436.0187,144.9194,0,0,0,0,0,581.0413,0,0,0,401.3548,0,146.3635,890.6219,225.7094,3062.5935,1017.4825,0,16.2581,76.5729,0,0,158.4226,25.3694,14.2258,0,39.5787,23.0968,0,0,0,229.1832,1682.3503,0,0,0,2066.4103,463.5242,0,0,0,0,0,0,122.4819,0,2461.8177,374,0,0,78.9303,1648.64,22.6129,3276.7971,152.829,2509.8416,0,0,0,119.3903,0,0,207.5762,0,0,0,0,0,0,0,1049.3832,101.9368,13.8387,0,0,18.8458,0,53.7419,19.4839,0,74.7742,223.4516,358.2242,348.7674,0,147.4369,71.2161,0,707.9498,141.3981,0,521.981,1272.4577,0,0,279.3468,56.3448,0,0,811.0211,73.6774,0,496.9548,0,0,972.4168,10291.6129,28.9355,0,0,0
Jun-07,0,10,0,0,0,413.2113,184.75,0,0,0,0,0,646.349,0,0,0,342.0667,0,153.93,889.504,162.401,3445.28,1183.0869,0,8.5667,74.18,0,0,169.323,47.6863,44.9667,0,54.45,20.9333,0,0,0,240.262,1630.5073,0,0,0,2192.388,357.7,0,0,0,0,0,0,113.1263,0,2401.883,341,0,0,62.8907,1802.9547,37.1333,3738.801,182.2567,2294.7723,0,0,0,128.7233,0,0,197.7196,0,0,0,0,0,0,0,818.41,85.137,15.6333,0,0,0,0,0,19.9667,0,113,254.4333,457.8807,294.063,0,151.601,73.59,0,886.8516,103.353,0,280.9213,1102.977,0,0,353.023,49.8703,0,0,747.247,84.6667,0,464.52,0,0,977.184,9982.5667,0,0,0,0
Jul-07,0,10,0,0.3226,0,403.6858,161.8548,0,0,0,0,0,657.1187,0,0,0,399.6774,0,156.531,864.3039,176.1029,3501.7935,929.0729,0,27.129,99.0662,0,0,163.3881,22.7116,49,0,47.3071,16.4194,0,0,0,219.4358,1775.9613,0,0,0,2214.8039,420.8468,0,0,0,0,0,0,147.0729,0,2590.4361,296,0,0,58.7223,1745.0323,21.871,4100.8106,144.8226,2432.3377,0,0,0,152.3581,0,0,205.9494,0,0,0,0,0,0,0,984.5071,91.5452,20.2258,0,0,0,0,101.6774,19.7097,0,111.129,191.0968,408.1155,206.5977,0,184.2356,118.6935,0,423.0577,122.9548,0,456.7677,1133.9477,0,0,401.7839,65.1413,0,0,830.021,102.3226,0,498.3774,0,0,1015.9542,9901.6129,29.5161,0,0,0
Aug-07,0,10,0,0.1613,0,480.2387,165.4839,0,0,0,0,0,723.9242,0,0,0,354.6452,0,157.7132,871.7568,125.1435,3315.2516,1103.7301,0,0,60.7797,0,0,148.4916,15.9465,30.871,0,35.129,13.3548,0,0,0,250.3423,1631.5742,0,0,0,2096.089,393.8177,0,0,0,0,0,0,187.2697,0,2389.3065,364,0,0,59.6732,1790.6168,0,4141.7023,80.3,2133.7339,0,0,0,115.1516,0,0,214.8759,0,0,0,0,0,0,0,1020.9703,101.4419,18.0645,0,0,0,0,113.3548,19.5161,0,152.9032,183.0323,384.4703,272.4523,0,227.8131,71.2161,0,608.4642,128.3932,0,503.27,1127.5984,0,0,339.7332,92.9571,0,0,956.4825,112.2258,0,444.3194,0,0,1368.8748,10284.129,29.8065,0,0,0
Sep-07,0,11,0,0,0,411.7373,145.25,0,0,0,0,0,749.7747,0,0,0,452.7,0,151.731,840.408,190.128,3333.04,828.1932,8.3333,21.4333,74.4273,0,0,95.5343,34.7037,50.9,0,57.596,18.0667,0,0,0,209.5537,1628.2693,0,0,0,2175.6827,375.83,0,0,0,0,0,0,160.2827,0,2143.6873,276,0,0,81.3157,1719.7867,23.5,3580.346,152.3267,2322.287,0,0,0,85.1667,0,0,152.4224,0,0,0,0,0,0,0,1088.2773,100.477,11.6,0,0,20.4727,0,96.3667,20.7333,0,96.4333,201.9333,449.0847,277.6033,0,184.623,49.06,0,713.2671,163.459,0,361.9563,1230.309,0,0,265.0743,112.5153,0,0,743.8338,91.2,0,507.64,0,0,1088.776,10314.7333,64.7,0,0,0
Oct-07,0,10,0,0.6129,0,433.1658,175.6452,0,0,0,0,0,779.0803,0,0,0,564.6774,0,143.7626,734.3439,200.4552,2977.5871,1060.3288,0,11.1935,104.8092,0,0,94.5806,53.6381,49,0,35.5974,19.2258,0,0,0,223.9529,1511.7329,0,0,0,2236.2787,403.5387,0,0,0,0,0,0,138.0877,0,2368.6229,221,0,0,58.4845,1795.84,11.3548,3900.3942,322.1419,2458.2516,0,0,0,24.9613,0,0,206.9516,0,0,0,0,0,0,0,836.5232,85.1123,17.5484,0,0,38.6581,0,76.4194,19.5161,0,132.7419,209.9677,479.2874,190.669,0,197.551,47.4774,0,802.8346,126.5016,0,503.8203,1126.8929,0,0,286.9545,112.4519,0,0,749.9364,91.0323,0,506.4387,0,0,1175.0239,9775.871,0,0,0,0
Nov-07,0,11,0,1,0,481.0153,177,0,0,0,0,0,730.367,0,0,0,311.4333,0,149.7763,781.204,158.906,3320.84,936.5632,0,11.1333,69.7292,0,0,116.547,47.187,6.8333,0,31.944,21.7,0,0,0,296.7653,1736.1907,0,0,0,2144.0173,424.34,0,0,0,0,0,0,128.275,0,2273.1537,282,0,0,60.9253,1602.0267,0,4120.3213,157.1933,2302.8793,0,0,0,101.47,0,0,274.4612,0,0,0,0,0,0,0,1096.596,71.8423,20.5333,0,0,62.167,0,26.7667,0,0,76.7,222.5333,430.7597,191.3743,0,212.8918,24.53,0,760.6872,125.5873,0,570.0883,1016.469,0,0,378.3267,108.8303,0,0,742.2287,77.4333,0,487.55,0,0,993.772,9977.9333,61.6,0,0,0
Dec-07,0,10,0,1.7419,0,417.9503,167.9032,0,0,0,0,0,719.6448,0,0,0,364.5484,0,134.3045,748.7839,207.4452,3041.3419,1030.7601,0,11.0323,100.5019,0,0,162.4423,40.8326,46.3548,0,55.2697,21.129,0,0,0,155.2455,1685.96,0,0,0,2266.6813,468.9774,0,0,0,0,0,0,138.3242,0,2710.0203,276,0,0,78.6926,1892.9445,22.7097,4590.7968,143.6452,2573.081,0,0,0,96.3129,0,0,202.4854,0,0,0,0,0,0,0,1056.96,119.2561,18.8387,0,0,28.0271,0,37,1.0968,0,97.3548,209.9677,432.2335,280.06,0,207.4769,47.4774,0,543.773,128.3932,0,533.5377,1146.8816,0,0,378.0097,111.9765,0,0,768.8086,104.9032,0,412.0742,0,0,1027.629,9822.5806,0,0,0,0
Jan-08,0,10,0,0.2903,0,430.3129,146.371,0,0,0,0,0,703.2406,0,0,0,237.1935,0,146.8365,886.6626,174.75,3291.6387,895.5352,0,15.871,123.7131,0,0,135.4868,41.3158,41.5806,0,59.9535,17.6129,0,0,0,257.95,1802.9135,0,0,0,2289.6039,420.1355,0,0,0,0,0,0,120.8268,0,2386.6913,246,0,0,59.4355,1788.9548,22.5484,4278.6416,124.571,2603.7497,0,0,0,120.0968,0,0,194.9927,0,0,0,0,0,0,0,984.7439,82.8855,10.9677,0,0,31.8929,0,0,24.6774,0,129.2258,223.6129,413.5539,266.271,0,163.1732,23.7387,0,718.4561,121.0632,0,467.7742,1214.6081,0,0,455.0381,116.0181,0,0,944.0847,111.8065,0,525.4065,0,0,857.6142,10081.8065,0,0,0,0
Feb-08,0,11,0,0,0,378.1572,162.931,0,0,0,0,0,705.2328,0,0,0,364.5517,0,101.8617,900.5083,251.1579,3606.9931,940.0549,2.7586,21.3103,103.0846,0,0,158.4797,41.8407,5.069,0,59.5821,18.7586,0,0,0,236.0941,1529.0428,0,0,0,1952.28,419.9638,0,0,0,0,0,0,139.0172,0,2497.1593,283,0,0,42.1869,1601.4345,12.1379,4473.3359,139.4552,2261.8276,0,0,0,133.4138,0,0,138.1647,0,0,0,0,0,0,0,1036.7117,118.4883,16.4138,0,0,13.1721,0,0,0,0,94.3103,185.2759,397.5893,258.9666,0,161.2281,50.7517,0,604.2498,121.0714,0,454.4431,1121.1517,0,0,403.3169,94.5393,0,0,858.8992,104.931,0,339.8741,0,0,936.78,9635.8276,67.5517,0,0,0
Mar-08,0,0,0,0.1935,0,400.1197,156.7742,0,0,0,0,0,662.349,0,0,0,367.8065,0,129.339,625.811,186.9261,4085.0323,1015.6953,0,2.7097,28.4755,0,0,135.0139,58.2287,40.9032,0,42.389,12.2581,0,0,0,198.039,1475.3955,0,0,0,2367.7819,319.8435,0,0,0,0,0,0,131.4671,0,2487.9694,239,0,0,76.3152,1667.871,44.0645,4433.6494,220.6484,2203.3923,0,0,0,225.829,0,0,207.7559,0,0,0,0,0,0,0,1145.9871,120.9881,8.0645,0,0,0,0,0,19.9032,0,126.6452,186.7742,488.7455,241.7835,0,171.6466,47.4774,0,676.8513,123.4277,0,569.3087,1033.2987,0,0,435.3055,112.6897,0,0,944.0847,86.9677,0,415.6306,0,0,1181.3477,9635.871,0,0,0,0
Apr-08,0,0,0,0.5333,0,418.8617,156.75,0,0,0,0,0,689.5863,0,0,0,336.5667,0,150.7537,874.1013,192.691,3474.56,848.2709,0,22.2,77.889,0,0,176.653,21.2217,22.6333,0,39.93,18.4667,0,0,0,243.21,1591.4667,0,0,0,2212.8333,428.75,0,0,0,0,0,0,128.0307,0,2712.4057,347,0,0,61.908,1675.3813,11.6333,4057.185,143.81,2226.2313,0,0,0,185.6633,0,0,218.8928,0,0,0,0,0,0,0,917.7447,96.3863,12.3,0,0,21.9707,0,0,10.3333,0,71.3333,187.7,393.8653,279.5687,0,166.8612,73.59,0,690.0192,98.7107,0,490.475,1228.851,0,0,453.5007,102.443,0,0,830.2693,90.4333,0,468.93,0,0,1124.214,9979.1,65.6333,0,0,0
May-08,0,9,0,0,0,312.1552,168.629,0,0,0,0,0,669.2435,0,0,0,492.3548,0,159.6048,766.2516,200.4552,3825.2903,830.4457,0,9.9032,88.7767,0,0,161.9694,50.9803,41.7742,0,51.5226,19.9677,0,0,0,243.4477,1670.3181,0,0,0,2036.249,386.2306,0,0,0,0,0,0,149.201,0,2406.1861,245,0,0,76.5529,1622.049,33.3548,3805.7729,147.6484,2412.1297,0,0,0,166.0161,0,0,202.0834,0,0,0,0,0,0,0,1029.0206,72.7413,17.1613,0,0,21.2619,0,0,16.9677,0,122.4839,244.7742,386.1255,267.6974,0,156.8787,71.2161,0,707.9498,105.6939,0,488.1361,1167.3406,0,0,368.5,118.6332,0,0,878.5036,61.2258,0,541.529,0,0,980.9297,9664,34.3226,0,0,0
Jun-08,0,9,0,0,0,362.1127,175.5,0,0,0,0,0,654.9473,0,0,0,523.9,0,151.4867,956.4093,177.546,3555.08,1048.0924,0,19.9333,67.5038,0,0,162.9703,70.406,46.1667,0,27.346,12.0667,0,0,0,185.9697,1570.8273,0,0,0,2010.1253,368.235,0,0,0,0,0,0,149.2877,0,2604.3123,255,0,0,66.5757,1623.8613,23.3333,3748.382,166.9267,2230.4077,0,0,0,240.17,0,0,170.8822,0,0,0,0,0,0,0,1143.3273,93.574,11.7667,0,0,0,0,0,0,0,104.5,147.5667,379.4497,269.742,0,203.6357,49.06,0,458.1091,111.416,0,539.3803,1153.521,0,0,409.772,108.0933,0,0,773.6832,96.8333,0,448.595,0,0,1157.6413,10017.6,63,0,0,0
Jul-08,0,11,0,0,0,430.5506,163.5484,0,0,0,0,0,649.511,0,0,0,449.8387,0,151.5655,889.6903,163.7013,3256.2194,911.1835,0,0,87.1017,0,0,133.8316,41.799,24.5161,0,55.2697,11.871,0,0,0,176.88,1935.7497,0,0,0,2204.911,317.4726,0,0,0,0,0,0,119.4081,0,2816.291,263,0,0,57.7713,1714.6426,33.8065,3853.559,122.4516,2403.0955,0,0,0,213.8194,0,0,101.855,0,0,0,0,0,0,0,950.1748,99.9574,16.1935,0,0,24.4029,0,0,16.0968,0,92.129,287.9677,444.2926,268.6484,0,160.9944,47.4774,0,797.365,108.5313,0,449.8887,1151.82,0,0,406.7765,107.6971,0,0,758.6648,95.4516,0,490.5532,0,0,1027.3858,10132,0,0,0,0
Aug-08,0,11,0,0,0,365.8848,172.7419,0,236.2152,0,0,0,702.0519,0,0,0,439.7419,0,149.9103,630.9348,184.6713,3695.4194,1112.9102,0,0,76.0943,0,0,162.4423,28.7519,37.8387,0,62.5297,12.2581,0,0,0,205.409,1628.2052,0,0,0,2050.9677,405.6726,0,0,0,0,0,0,119.4081,0,2585.919,252,0,0,58.7223,1589.0477,22.4839,4014.0348,116.0935,2217.6568,0,0,0,163.8968,0,0,267.0267,0,0,0,0,0,0,0,1048.6729,127.1735,16.0968,0,0,0,0,0,20.2903,0,55.5806,165.7097,463.2087,230.3719,0,154.2156,47.4774,0,495.8937,105.6939,0,503.8203,1086.6803,0,0,437.9206,105.0819,0,0,847.2443,75.0323,0,488.4194,0,0,1184.9961,10324.1613,57.7742,0,0,0
Sep-08,0,9,0,0,0,396.2603,162,0,236.026,0,0,0,659.615,0,0,0,237.8,0,142.4463,768.6893,219.719,3667.32,682.4565,0,18.5,58.6022,0,0,203.774,53.4287,38.3667,0,31.944,12.3,0,0,0,209.5537,1805.0713,0,0,0,2067.472,435.61,0,0,0,0,0,0,139.0257,0,2521.5227,236,0,0,69.278,1713.6533,11.2,3638.3233,155.9767,2214.9307,0,0,0,194.91,0,0,156.8192,0,0,0,0,0,0,0,1055.492,77.467,9,0,0,0,0,0,42.6,0,89.6667,209.8333,405.8377,136.8363,0,211.1407,49.06,0,774.9378,127.2977,0,436.4517,1234.197,0,0,356.708,106.6193,0,0,694.1935,91.0667,0,543.655,0,0,1199.614,8446.5333,63.7333,0,0,0
Oct-08,0,6,0,0,0,391.0855,148.3065,0,169.2994,0,0,0,717.9806,0,0,0,348.5161,0,178.0481,919.269,237.66,3815.8452,967.4707,0,17.5161,59.344,0,0,164.8068,75.3832,17.3226,0,52.9277,24.0323,0,0,0,223.4774,1889.0645,0,0,0,2193.0877,388.6016,0,0,0,0,0,0,135.9597,0,2701.9371,208,0,0,75.8397,1564.1187,10.9032,3545.2077,64.2871,2355.3094,0,0,0,170.7258,0,0,185.4539,0,0,0,0,0,0,0,768.0955,117.7716,16.7419,0,0,0,0,0,20.9355,0,135.7419,150.2581,396.2929,158.0984,0,204.0876,47.4774,0,580.2477,128.6297,0,459.5194,1152.7606,0,0,442.2,107.6971,0,0,841.2309,99.0645,0,454.2774,0,0,1012.0626,10086.4839,62.8065,0,0,0
Nov-08,0,8,0,0,0,323.0517,159.5,0,217.9453,0,0,0,664.2827,0,0,0,251.9667,0,139.0257,798.0507,196.652,3259.84,841.1009,0,8.5667,51.1842,0,0,183.983,23.968,31.0333,0,59.774,12.6667,0,0,0,214.467,1673.278,0,0,0,2225.3,360.885,0,0,0,0,0,0,144.1567,0,2426.4497,280,0,0,50.853,1635.8827,22.4,3760.174,257.2033,2498.43,0,0,0,199.0467,0,0,218.8928,0,0,0,0,0,0,0,874.928,81.302,13.2333,0,0,49.434,0,0,16.6333,0,68.7667,181.3667,411.946,301.1873,0,175.8672,24.53,0,644.875,127.2977,0,470.856,1151.577,0,0,362.604,91.1423,0,0,562.2928,104.3333,0,225.645,0,0,951.548,9943.6333,29.4667,0,0,0
Dec-08,0,8,0,0,0,417.2371,160.8871,0,223.9197,0,0,0,694.6819,0,0,0,410.7097,0,130.0484,802.5845,210.8274,3393.1742,819.8533,0,8.129,50.7295,0,0,171.6639,72.0006,36.6129,0,46.1361,11.2903,0,0,0,285.7658,1618.5794,0,0,0,2220.8361,399.7452,0,0,0,0,0,0,127.211,0,2487.9694,276,0,0,74.4132,1611.84,21.8387,3980.9887,143.6452,2353.4074,0,0,0,170.9613,0,0,129.8474,0,0,0,0,0,0,0,852.6239,120.7406,12.2581,0,0,45.4232,0,0,17.8387,0,70.9355,92.6452,411.4258,215.6319,0,143.0792,47.4774,0,534.4236,133.3587,0,318.0865,1289.1542,0,0,545.6177,47.5484,0,0,817.6406,62.5484,0,284.7532,0,0,1129.0542,9419.1935,0,0,0,0
Jan-09,0,9,0,0,0,344.4881,137.1771,0,236.3155,0,0,0,647.609,0,0,0,317.7742,0,93.3984,938.6052,201.3571,3027.1742,892.3616,14.9677,7.8065,112.7057,0,0,136.4639,66.8055,16.4516,0,48.4781,23.3548,0,0,0,198.039,1400.5377,0,0,0,2026.9877,333.5519,0,0,0,0,0,0,107.9348,0,2493.1997,230.4194,0,0,57.7713,1614.5055,32.4194,3869.25,85.5871,2679.1139,0,0,0,194.0387,0,0,225.8113,0,0,0,0,0,0,0,1155.1881,106.7461,12.129,0,0,0,0,0,0,0,84.6129,0,389.659,247.9648,0,87.639,47.4774,0,509.857,123.1503,0,476.029,1114.5342,0,0,460.7439,99.3761,0,0,756.0406,116.4194,30.76,310.491,0,0,996.1387,9852.129,30.2903,0,0,0
Feb-09,0,6,0,0,0,427.46,154.77,0,193.1993,0,0,0,669.8804,0,0,0,408.25,0,102.62,768.3225,162.0182,3066.5571,956.951,33,0,75.2397,0,0,156.6125,72.3839,36.3571,0,47.7086,12.8571,0,0,0,233.9975,1528.2221,0,0,0,1984.3725,404.0339,0,0,0,0,0,0,105.5489,0,2481.8475,246.1429,0,0,60.5393,1451.3636,11.9286,3978.2207,227.1539,2670.0457,0,0,0,182.5,0,0,242.8377,0,0,0,0,0,0,0,1106.5529,48.1682,27.8929,0,0,0,0,0,44.75,0,99.2857,70.2143,383.7664,32.1121,0,160.8214,26.2821,0,633.4708,138.9771,0,364.0482,1276.8525,0,0,447.9907,108.1811,0,0,647.3731,86.4643,17.0279,205.8336,0,0,884.6632,9204.8214,99.7143,0,0,0
Mar-09,0,8,0,0,0,313.1061,136.4639,0,146.449,0,0,0,612.1855,0,0,0,318,0,144.7084,775.9897,209.249,3858.3484,730.8418,50.4194,0,76.8122,0,0,155.9587,48.2616,17.0645,0,43.3258,24.3871,0,0,0,251.531,1508.7103,0,0,0,2064.551,442.9132,0,0,0,0,0,0,108.4103,0,2780.1542,273.1613,0,0,58.7223,1532.96,32.4839,3529.279,91.0552,2293.2587,0,0,0,141.2903,0,0,109.7734,0,0,0,0,0,0,0,974.9797,127.4297,12.7097,0,0,26.3894,0,0,0,0,98.5161,135.8065,366.8358,178.0687,0,153.2473,47.4774,0,586.7481,110.55,0,466.6735,1086.9561,0,0,407.0142,100.8026,0,0,974.6495,89,15.1319,240.1194,0,0,914.3555,9440.7742,0,0,0,0
Apr-09,0,9,0,0,0,393.3123,144.2063,0,235.84,0,0,0,653.9647,0,0,0,313,0,133.1617,855.1657,241.621,3945.48,1147.4176,37.3333,0,69.4819,0,0,130.449,71.2433,21.2667,0,43.802,12.0333,0,0,0,176.143,1427.0777,0,0,0,2065.074,376.3613,0,0,0,0,0,0,87.9487,0,2384.6863,418.7667,0,0,71.7347,1546.226,33.8667,3259.9967,153.5417,2194.786,0,0,0,121.6667,0,0,212.3836,0,0,0,0,0,0,0,1037.696,84.5093,25.3333,0,0,8.3527,0,0,20.3,0,135.4333,227.3333,354.7427,191.62,0,177.8685,24.53,0,465.4189,110.55,0,542.2237,1042.118,0,0,399.6997,104.4083,0,0,838.672,87.7,31.529,248.369,0,0,879.4867,9406.1667,63.7667,0,0,0
May-09,0,8,0,0,0,411.5313,154.77,0,240.1194,0,0,0,644.7561,0,0,0,401.7097,0,160.7871,753.8797,126.0455,3818.2065,1014.8928,29.6129,0,76.5729,0,0,122.9126,87.9645,24.4839,0,34.4265,12.1613,0,0,0,176.4045,1630.9097,0,0,0,2002.7381,374.2058,0,0,0,0,0,0,108.1726,0,2857.6581,360.871,0,0,65.379,1589.3048,21.7419,3072.5768,121.9616,1921.6681,0,0,0,188.6226,0,0,128.2267,0,0,0,0,0,0,0,865.6184,67.5187,12.9032,0,0,7.8455,0,0,0,0,56.0323,147.5161,391.3232,238.4552,0,158.8155,94.9548,0,622.1017,88.9155,0,438.6071,1058.1894,0,0,387.0439,105.3197,0,0,805.4837,127.0645,14.8839,289.5697,0,0,934.8013,8931.2581,31.2581,0,0,0
Jun-09,0,10,0,0,0,409.035,133.397,0,237.0683,0,0,0,598.6897,0,0,0,388.3,0,117.7687,820.5267,195.487,4055.28,995.4176,36.2333,7.3667,75.4163,0,0,134.6253,70.752,27.8667,0,58.564,12.3333,0,0,0,155.2613,1486.529,0,0,0,2049.8427,420.3357,0,0,0,0,0,0,121.3593,0,2732.796,508.5,0,0,40.2893,1475.474,11.3667,3468.0763,93.3533,2253.9917,0,0,0,196.6133,0,0,233.9755,0,0,0,0,0,0,0,925.672,67.3127,12.7667,0,0,20.1447,0,0,35.8,0,120.4,235.4667,496.4923,235.5943,0,135.8405,0,0,484.5204,99.9863,0,297.4127,1115.081,0,0,390.61,93.599,0,0,885.6043,93.6,31.7853,382.7487,0,0,941.3947,9172,59.8333,0,0,0
Jul-09,0,12,0,0,0,476.6726,176.6423,0,238.6929,0,0,0,535.8703,0,0,0,373.8387,0,130.5213,903.1816,274.6394,4635.2129,947.6685,43.7742,6.1613,92.6054,0,0,158.3361,87.7268,28.1613,0,46.3703,23.871,0,0,0,226.0926,1589.5426,0,0,0,2003.689,406.301,0,0,0,0,0,0,114.5916,0,2383.1252,358,0,0,44.9332,1597.8635,30.6452,2981.0461,76.7906,2432.5755,0,0,0,165.3097,0,0,128.2267,0,0,0,0,0,0,0,802.8545,111.0255,12.8387,0,0,18.7816,0,0,0,0,78.2581,161.7419,452.6606,223.2397,0,134.3637,47.4774,0,602.6015,121.4861,0,398.9839,988.531,0,0,329.0348,91.5306,0,0,747.9155,72.6129,30.76,340.6842,0,0,1057.2384,9226.5806,34.3871,0,0,0
Aug-09,0,11,0,0,0,358.2771,143.3584,0,233.4626,0,0,0,661.6358,0,0,0,289.9355,0,128.8661,849.4519,195.72,4361.3032,1216.7159,32.5806,12.4839,90.691,0,0,169.51,74.651,30.4839,0,58.5484,12.129,0,0,0,237.5042,1413.1381,0,0,0,2000.5984,308.1135,0,0,0,0,0,0,100.8026,0,2654.3887,303.7097,0,0,58.96,1508.9481,22.2903,3442.2655,58.4845,2281.8471,0,0,0,188.3871,0,0,184.8295,0,0,0,0,0,0,0,862.0523,108.8858,12.871,0,0,0,0,0,19.5484,0,69.8065,162.5806,426.2713,170.9365,0,165.8363,23.7387,0,502.9606,116.2558,0,358.26,978.5458,0,0,353.0468,69.1829,0,0,757.5888,95.7097,30.76,284.1016,0,0,955.2471,8882.9355,57.4194,0,0,0
Sep-09,0,8,0,0,0,383.977,147.1543,0,238.2967,0,0,0,649.7883,0,0,0,381.7,0,110.1943,670.9157,105.549,4196.8,724.5921,49.4,13.8333,94.9504,0,0,157.2267,77.8763,15.3667,0,59.774,12,0,0,0,226.996,1339.6203,0,0,0,1903.9167,233.1377,0,0,0,0,0,0,128.7293,0,2786.3513,480.0333,0,0,0,1507.902,44.7,3283.8263,175.1603,2407.2877,0,0,0,170.3333,0,0,214.0652,0,0,0,0,0,0,0,1131.0493,91.1423,13,0,0,46.9223,0,0,20.6,0,137.1667,71.0333,459.888,253.2823,0,141.8445,49.06,0,877.0223,116.9373,0,357.1227,1002.32,0,0,331.4043,88.6857,0,0,893.4053,103.7,15.6363,314.9447,0,0,988.8083,9223.3667,0,0,0,0
Oct-09,0,4,0,0,0,328.3216,158.3361,0,237.2665,0,0,0,643.3297,0,0,0,385.8387,0,125.5558,701.8142,187.8281,4566.7355,924.3651,37.4839,13.2581,73.9407,0,0,131.4713,64.9035,29.9032,0,46.8387,11.7742,0,0,0,250.58,1414.3268,0,0,0,1910.7319,250.8177,0,0,0,0,0,0,111.501,0,2565.711,237.3226,0,0,64.4281,1537.9526,0,3274.1819,139.079,2293.021,0,0,0,164.3677,0,0,224.1867,0,0,0,0,0,0,0,887.2529,91.5306,12.5806,0,0,39.2274,0,0,19.8065,0,101.9677,152.3226,349.9561,226.5681,0,95.6282,0,0,655.7812,124.1013,0,356.8842,1043.2116,0,0,302.4077,97.9497,0,0,788.6245,92.8387,30.5119,242.259,0,0,935.99,8565.6774,29.0968,0,0,0
Nov-09,0,8,0,0,0,406.3327,151.085,0,239.0337,0,0,0,672.144,0,0,0,351,0,109.4613,667.9677,219.719,4177.28,690.2016,43.7333,12.1333,87.2851,0,0,155.0157,58.7143,31.7333,0,48.4,24,0,0,0,257.95,1318.2473,0,0,0,1922.833,368.0087,0,0,0,0,0,0,130.449,0,2574.0953,362.0667,0,0,60.9253,1526.8183,22.5,3565.1147,70.2607,2214.4393,0,0,0,170.3333,0,0,158.2848,0,0,0,0,0,0,0,956.3803,78.122,13.2,0,0,28.006,0,0,20.4,0,102.2333,204.5667,445.3937,278.586,0,131.0873,24.53,0,592.0567,116.2003,0,488.769,938.4467,0,0,410.2633,102.443,0,0,846.3579,111.1333,15.6363,351.7947,0,0,999.8633,8708.9667,30,0,0,0
Dec-09,0,9,0,0,0,517.0887,161.189,0,239.8816,0,0,0,713.939,0,0,0,391.0323,0,124.1371,872.2752,136.4177,5020.1032,1100.5855,46.2258,15.2903,39.9615,0,0,133.8487,69.1829,34.7097,0,46.8387,11.6129,0,0,0,221.8132,1221.5181,0,0,0,1818.9635,369.9265,0,0,0,0,0,0,89.8665,0,2480.5994,119.5161,0,0,63.7148,1471.1471,21.4516,3617.9568,192.571,2269.2468,0,0,0,133.9903,0,0,66.7521,0,0,0,0,0,0,0,991.6216,112.2142,24.7097,0,0,40.6539,0,0,0,0,113.7097,95.2258,354.9487,238.2174,0,160.7523,47.4774,0,686.361,116.7313,0,282.3155,1044.1626,0,0,391.3232,81.07,0,0,691.6683,90.5484,30.5119,231.3229,0,0,967.8474,8133.1613,28.9032,0,0,0
Jan-10,0,7,0,0,0,411.5313,127.9052,0,237.2665,0,0,0,723.211,0,0,0,227.3871,0,94.3442,744.1323,149.2703,4037.8065,864.6953,53.3226,4.2258,123.9524,0,0,138.6035,42.7935,16.8065,0,46.1361,22.7097,0,0,0,221.8132,1331.1171,0,0,0,1887.1955,319.0497,0,0,0,0,0,0,136.9394,0,2936.5884,341.4194,0,0,59.1977,1361.3103,32.9677,3900.6319,0,2323.9274,0,0,0,141.0548,0,0,78.7276,0,0,0,0,0,0,0,1026.8074,111.0255,12.4516,0,0,11.8871,0,0,20.5484,0,113.7419,221.5484,449.3323,155.0077,0,106.2805,47.4774,0,636.046,121.2484,0,456.4926,1006.1239,0,0,376.3455,95.0968,0,0,774.2344,71.3548,15.38,297.8906,0,0,876.5545,8454.2903,29.7419,0,0,0
